File	Read_Count
2023-1-ASB-CL-FL-1-16S_S1_L001_R1_001.fastq.gz	15169
2023-1-ASB-CL-FL-1-16S_S1_L001_R2_001.fastq.gz	15169
2023-1-ASB-CL-FL-2-16S_S3_L001_R1_001.fastq.gz	12494
2023-1-ASB-CL-FL-2-16S_S3_L001_R2_001.fastq.gz	12494
2023-1-ASB-CL-FL-3-16S_S5_L001_R1_001.fastq.gz	15868
2023-1-ASB-CL-FL-3-16S_S5_L001_R2_001.fastq.gz	15868
2023-1-ASB-CL-LE-1-16S_S2_L001_R1_001.fastq.gz	18045
2023-1-ASB-CL-LE-1-16S_S2_L001_R2_001.fastq.gz	18045
2023-1-ASB-CL-LE-2-16S_S4_L001_R1_001.fastq.gz	16936
2023-1-ASB-CL-LE-2-16S_S4_L001_R2_001.fastq.gz	16936
2023-1-ASB-CL-LE-3-16S_S6_L001_R1_001.fastq.gz	39689
2023-1-ASB-CL-LE-3-16S_S6_L001_R2_001.fastq.gz	39689
2023-1-ASB-EM-FL-1-16S_S31_L001_R1_001.fastq.gz	20589
2023-1-ASB-EM-FL-1-16S_S31_L001_R2_001.fastq.gz	20589
2023-1-ASB-EM-FL-2-16S_S33_L001_R1_001.fastq.gz	17053
2023-1-ASB-EM-FL-2-16S_S33_L001_R2_001.fastq.gz	17053
2023-1-ASB-EM-FL-3-16S_S35_L001_R1_001.fastq.gz	17913
2023-1-ASB-EM-FL-3-16S_S35_L001_R2_001.fastq.gz	17913
2023-1-ASB-EM-LE-1-16S_S32_L001_R1_001.fastq.gz	22731
2023-1-ASB-EM-LE-1-16S_S32_L001_R2_001.fastq.gz	22731
2023-1-ASB-EM-LE-2-16S_S34_L001_R1_001.fastq.gz	11428
2023-1-ASB-EM-LE-2-16S_S34_L001_R2_001.fastq.gz	11428
2023-1-ASB-EM-LE-3-16S_S36_L001_R1_001.fastq.gz	12297
2023-1-ASB-EM-LE-3-16S_S36_L001_R2_001.fastq.gz	12297
2023-1-ASB-HC-FL-1-16S_S13_L001_R1_001.fastq.gz	23848
2023-1-ASB-HC-FL-1-16S_S13_L001_R2_001.fastq.gz	23848
2023-1-ASB-HC-FL-2-16S_S15_L001_R1_001.fastq.gz	22490
2023-1-ASB-HC-FL-2-16S_S15_L001_R2_001.fastq.gz	22490
2023-1-ASB-HC-FL-3-16S_S17_L001_R1_001.fastq.gz	21960
2023-1-ASB-HC-FL-3-16S_S17_L001_R2_001.fastq.gz	21960
2023-1-ASB-HC-LE-1-16S_S14_L001_R1_001.fastq.gz	16930
2023-1-ASB-HC-LE-1-16S_S14_L001_R2_001.fastq.gz	16930
2023-1-ASB-HC-LE-2-16S_S16_L001_R1_001.fastq.gz	21225
2023-1-ASB-HC-LE-2-16S_S16_L001_R2_001.fastq.gz	21225
2023-1-ASB-HC-LE-3-16S_S18_L001_R1_001.fastq.gz	23206
2023-1-ASB-HC-LE-3-16S_S18_L001_R2_001.fastq.gz	23206
2023-1-ASB-LI-FL-1-16S_S25_L001_R1_001.fastq.gz	17609
2023-1-ASB-LI-FL-1-16S_S25_L001_R2_001.fastq.gz	17609
2023-1-ASB-LI-FL-2-16S_S27_L001_R1_001.fastq.gz	24347
2023-1-ASB-LI-FL-2-16S_S27_L001_R2_001.fastq.gz	24347
2023-1-ASB-LI-FL-3-16S_S29_L001_R1_001.fastq.gz	11474
2023-1-ASB-LI-FL-3-16S_S29_L001_R2_001.fastq.gz	11474
2023-1-ASB-LI-LE-1-16S_S26_L001_R1_001.fastq.gz	20535
2023-1-ASB-LI-LE-1-16S_S26_L001_R2_001.fastq.gz	20535
2023-1-ASB-LI-LE-2-16S_S28_L001_R1_001.fastq.gz	22801
2023-1-ASB-LI-LE-2-16S_S28_L001_R2_001.fastq.gz	22801
2023-1-ASB-LI-LE-3-16S_S30_L001_R1_001.fastq.gz	25848
2023-1-ASB-LI-LE-3-16S_S30_L001_R2_001.fastq.gz	25848
2023-1-ASB-PR-FL-1-16S_S7_L001_R1_001.fastq.gz	19338
2023-1-ASB-PR-FL-1-16S_S7_L001_R2_001.fastq.gz	19338
2023-1-ASB-PR-FL-2-16S_S9_L001_R1_001.fastq.gz	14339
2023-1-ASB-PR-FL-2-16S_S9_L001_R2_001.fastq.gz	14339
2023-1-ASB-PR-FL-3-16S_S11_L001_R1_001.fastq.gz	12552
2023-1-ASB-PR-FL-3-16S_S11_L001_R2_001.fastq.gz	12552
2023-1-ASB-PR-LE-1-16S_S8_L001_R1_001.fastq.gz	18690
2023-1-ASB-PR-LE-1-16S_S8_L001_R2_001.fastq.gz	18690
2023-1-ASB-PR-LE-2-16S_S10_L001_R1_001.fastq.gz	11677
2023-1-ASB-PR-LE-2-16S_S10_L001_R2_001.fastq.gz	11677
2023-1-ASB-PR-LE-3-16S_S12_L001_R1_001.fastq.gz	15186
2023-1-ASB-PR-LE-3-16S_S12_L001_R2_001.fastq.gz	15186
2023-1-ASB-SP-FL-1-16S_S19_L001_R1_001.fastq.gz	28255
2023-1-ASB-SP-FL-1-16S_S19_L001_R2_001.fastq.gz	28255
2023-1-ASB-SP-FL-2-16S_S21_L001_R1_001.fastq.gz	26622
2023-1-ASB-SP-FL-2-16S_S21_L001_R2_001.fastq.gz	26622
2023-1-ASB-SP-FL-3-16S_S23_L001_R1_001.fastq.gz	33766
2023-1-ASB-SP-FL-3-16S_S23_L001_R2_001.fastq.gz	33766
2023-1-ASB-SP-LE-1-16S_S20_L001_R1_001.fastq.gz	25450
2023-1-ASB-SP-LE-1-16S_S20_L001_R2_001.fastq.gz	25450
2023-1-ASB-SP-LE-2-16S_S22_L001_R1_001.fastq.gz	25470
2023-1-ASB-SP-LE-2-16S_S22_L001_R2_001.fastq.gz	25470
2023-1-ASB-SP-LE-3-16S_S24_L001_R1_001.fastq.gz	25046
2023-1-ASB-SP-LE-3-16S_S24_L001_R2_001.fastq.gz	25046
2023-1-COM-EM-FL-1-16S_S88_L001_R1_001.fastq.gz	20821
2023-1-COM-EM-FL-1-16S_S88_L001_R2_001.fastq.gz	20821
2023-1-COM-EM-FL-2-16S_S90_L001_R1_001.fastq.gz	20546
2023-1-COM-EM-FL-2-16S_S90_L001_R2_001.fastq.gz	20546
2023-1-COM-EM-FL-3-16S_S92_L001_R1_001.fastq.gz	20956
2023-1-COM-EM-FL-3-16S_S92_L001_R2_001.fastq.gz	20956
2023-1-COM-EM-LE-1-16S_S89_L001_R1_001.fastq.gz	16584
2023-1-COM-EM-LE-1-16S_S89_L001_R2_001.fastq.gz	16584
2023-1-COM-EM-LE-2-16S_S91_L001_R1_001.fastq.gz	21270
2023-1-COM-EM-LE-2-16S_S91_L001_R2_001.fastq.gz	21270
2023-1-COM-EM-LE-3-16S_S93_L001_R1_001.fastq.gz	17431
2023-1-COM-EM-LE-3-16S_S93_L001_R2_001.fastq.gz	17431
2023-1-COM-HC-LE-1-16S_S79_L001_R1_001.fastq.gz	15732
2023-1-COM-HC-LE-1-16S_S79_L001_R2_001.fastq.gz	15732
2023-1-COM-HC-LE-2-16S_S80_L001_R1_001.fastq.gz	10689
2023-1-COM-HC-LE-2-16S_S80_L001_R2_001.fastq.gz	10689
2023-1-COM-HC-LE-3-16S_S81_L001_R1_001.fastq.gz	17282
2023-1-COM-HC-LE-3-16S_S81_L001_R2_001.fastq.gz	17282
2023-1-COM-SP-FL-1-16S_S82_L001_R1_001.fastq.gz	959
2023-1-COM-SP-FL-1-16S_S82_L001_R2_001.fastq.gz	959
2023-1-COM-SP-FL-2-16S_S84_L001_R1_001.fastq.gz	16256
2023-1-COM-SP-FL-2-16S_S84_L001_R2_001.fastq.gz	16256
2023-1-COM-SP-FL-3-16S_S86_L001_R1_001.fastq.gz	1726
2023-1-COM-SP-FL-3-16S_S86_L001_R2_001.fastq.gz	1726
2023-1-COM-SP-LE-1-16S_S83_L001_R1_001.fastq.gz	16067
2023-1-COM-SP-LE-1-16S_S83_L001_R2_001.fastq.gz	16067
2023-1-COM-SP-LE-2-16S_S85_L001_R1_001.fastq.gz	20098
2023-1-COM-SP-LE-2-16S_S85_L001_R2_001.fastq.gz	20098
2023-1-COM-SP-LE-3-16S_S87_L001_R1_001.fastq.gz	17701
2023-1-COM-SP-LE-3-16S_S87_L001_R2_001.fastq.gz	17701
2023-1-COM-SR-FL-1-16S_S94_L001_R1_001.fastq.gz	22591
2023-1-COM-SR-FL-1-16S_S94_L001_R2_001.fastq.gz	22591
2023-1-COM-SR-FL-2-16S_S98_L001_R1_001.fastq.gz	18173
2023-1-COM-SR-FL-2-16S_S98_L001_R2_001.fastq.gz	18173
2023-1-COM-SR-FL-3-16S_S100_L001_R1_001.fastq.gz	16319
2023-1-COM-SR-FL-3-16S_S100_L001_R2_001.fastq.gz	16319
2023-1-COM-SR-LE-1-16S_S97_L001_R1_001.fastq.gz	13696
2023-1-COM-SR-LE-1-16S_S97_L001_R2_001.fastq.gz	13696
2023-1-COM-SR-LE-2-16S_S99_L001_R1_001.fastq.gz	14159
2023-1-COM-SR-LE-2-16S_S99_L001_R2_001.fastq.gz	14159
2023-1-COM-SR-LE-3-16S_S101_L001_R1_001.fastq.gz	16089
2023-1-COM-SR-LE-3-16S_S101_L001_R2_001.fastq.gz	16089
2023-1-MIB-CL-LE-1-16S_S153_L001_R1_001.fastq.gz	1418
2023-1-MIB-CL-LE-1-16S_S153_L001_R2_001.fastq.gz	1418
2023-1-MIB-CL-LE-2-16S_S154_L001_R1_001.fastq.gz	2628
2023-1-MIB-CL-LE-2-16S_S154_L001_R2_001.fastq.gz	2628
2023-1-MIB-CL-LE-3-16S_S155_L001_R1_001.fastq.gz	19322
2023-1-MIB-CL-LE-3-16S_S155_L001_R2_001.fastq.gz	19322
2023-1-MIB-EM-LE-1-16S_S165_L001_R1_001.fastq.gz	18909
2023-1-MIB-EM-LE-1-16S_S165_L001_R2_001.fastq.gz	18909
2023-1-MIB-EM-LE-2-16S_S166_L001_R1_001.fastq.gz	20619
2023-1-MIB-EM-LE-2-16S_S166_L001_R2_001.fastq.gz	20619
2023-1-MIB-EM-LE-3-16S_S167_L001_R1_001.fastq.gz	21407
2023-1-MIB-EM-LE-3-16S_S167_L001_R2_001.fastq.gz	21407
2023-1-MIB-HC-LE-1-16S_S156_L001_R1_001.fastq.gz	17284
2023-1-MIB-HC-LE-1-16S_S156_L001_R2_001.fastq.gz	17284
2023-1-MIB-HC-LE-2-16S_S157_L001_R1_001.fastq.gz	18284
2023-1-MIB-HC-LE-2-16S_S157_L001_R2_001.fastq.gz	18284
2023-1-MIB-HC-LE-3-16S_S158_L001_R1_001.fastq.gz	27198
2023-1-MIB-HC-LE-3-16S_S158_L001_R2_001.fastq.gz	27198
2023-1-MIB-LI-LE-1-16S_S162_L001_R1_001.fastq.gz	23864
2023-1-MIB-LI-LE-1-16S_S162_L001_R2_001.fastq.gz	23864
2023-1-MIB-LI-LE-2-16S_S163_L001_R1_001.fastq.gz	24668
2023-1-MIB-LI-LE-2-16S_S163_L001_R2_001.fastq.gz	24668
2023-1-MIB-LI-LE-3-16S_S164_L001_R1_001.fastq.gz	22867
2023-1-MIB-LI-LE-3-16S_S164_L001_R2_001.fastq.gz	22867
2023-1-MIB-SP-LE-1-16S_S159_L001_R1_001.fastq.gz	6916
2023-1-MIB-SP-LE-1-16S_S159_L001_R2_001.fastq.gz	6916
2023-1-MIB-SP-LE-2-16S_S160_L001_R1_001.fastq.gz	1056
2023-1-MIB-SP-LE-2-16S_S160_L001_R2_001.fastq.gz	1056
2023-1-MIB-SP-LE-3-16S_S161_L001_R1_001.fastq.gz	5935
2023-1-MIB-SP-LE-3-16S_S161_L001_R2_001.fastq.gz	5935
2023-1-MIC-CL-LE-1-16S_S138_L001_R1_001.fastq.gz	17959
2023-1-MIC-CL-LE-1-16S_S138_L001_R2_001.fastq.gz	17959
2023-1-MIC-CL-LE-2-16S_S139_L001_R1_001.fastq.gz	2120
2023-1-MIC-CL-LE-2-16S_S139_L001_R2_001.fastq.gz	2120
2023-1-MIC-CL-LE-3-16S_S140_L001_R1_001.fastq.gz	1970
2023-1-MIC-CL-LE-3-16S_S140_L001_R2_001.fastq.gz	1970
2023-1-MIC-EM-LE-1-16S_S150_L001_R1_001.fastq.gz	15447
2023-1-MIC-EM-LE-1-16S_S150_L001_R2_001.fastq.gz	15447
2023-1-MIC-EM-LE-2-16S_S151_L001_R1_001.fastq.gz	12731
2023-1-MIC-EM-LE-2-16S_S151_L001_R2_001.fastq.gz	12731
2023-1-MIC-EM-LE-3-16S_S152_L001_R1_001.fastq.gz	1878
2023-1-MIC-EM-LE-3-16S_S152_L001_R2_001.fastq.gz	1878
2023-1-MIC-HC-LE-1-16S_S141_L001_R1_001.fastq.gz	15923
2023-1-MIC-HC-LE-1-16S_S141_L001_R2_001.fastq.gz	15923
2023-1-MIC-HC-LE-2-16S_S142_L001_R1_001.fastq.gz	18939
2023-1-MIC-HC-LE-2-16S_S142_L001_R2_001.fastq.gz	18939
2023-1-MIC-HC-LE-3-16S_S143_L001_R1_001.fastq.gz	19573
2023-1-MIC-HC-LE-3-16S_S143_L001_R2_001.fastq.gz	19573
2023-1-MIC-LI-LE-1-16S_S147_L001_R1_001.fastq.gz	16682
2023-1-MIC-LI-LE-1-16S_S147_L001_R2_001.fastq.gz	16682
2023-1-MIC-LI-LE-2-16S_S148_L001_R1_001.fastq.gz	121
2023-1-MIC-LI-LE-2-16S_S148_L001_R2_001.fastq.gz	121
2023-1-MIC-LI-LE-3-16S_S149_L001_R1_001.fastq.gz	10835
2023-1-MIC-LI-LE-3-16S_S149_L001_R2_001.fastq.gz	10835
2023-1-MIC-SP-LE-1-16S_S144_L001_R1_001.fastq.gz	20060
2023-1-MIC-SP-LE-1-16S_S144_L001_R2_001.fastq.gz	20060
2023-1-MIC-SP-LE-2-16S_S145_L001_R1_001.fastq.gz	6801
2023-1-MIC-SP-LE-2-16S_S145_L001_R2_001.fastq.gz	6801
2023-1-MIC-SP-LE-3-16S_S146_L001_R1_001.fastq.gz	14512
2023-1-MIC-SP-LE-3-16S_S146_L001_R2_001.fastq.gz	14512
2023-1-PMB-CL-FL-1-16S_S37_L001_R1_001.fastq.gz	18310
2023-1-PMB-CL-FL-1-16S_S37_L001_R2_001.fastq.gz	18310
2023-1-PMB-CL-FL-2-16S_S39_L001_R1_001.fastq.gz	7001
2023-1-PMB-CL-FL-2-16S_S39_L001_R2_001.fastq.gz	7001
2023-1-PMB-CL-FL-3-16S_S41_L001_R1_001.fastq.gz	11632
2023-1-PMB-CL-FL-3-16S_S41_L001_R2_001.fastq.gz	11632
2023-1-PMB-CL-LE-1-16S_S38_L001_R1_001.fastq.gz	18624
2023-1-PMB-CL-LE-1-16S_S38_L001_R2_001.fastq.gz	18624
2023-1-PMB-CL-LE-2-16S_S40_L001_R1_001.fastq.gz	22584
2023-1-PMB-CL-LE-2-16S_S40_L001_R2_001.fastq.gz	22584
2023-1-PMB-CL-LE-3-16S_S42_L001_R1_001.fastq.gz	16075
2023-1-PMB-CL-LE-3-16S_S42_L001_R2_001.fastq.gz	16075
2023-1-PMB-EM-FL-1-16S_S67_L001_R1_001.fastq.gz	23215
2023-1-PMB-EM-FL-1-16S_S67_L001_R2_001.fastq.gz	23215
2023-1-PMB-EM-FL-2-16S_S69_L001_R1_001.fastq.gz	25731
2023-1-PMB-EM-FL-2-16S_S69_L001_R2_001.fastq.gz	25731
2023-1-PMB-EM-FL-3-16S_S71_L001_R1_001.fastq.gz	30156
2023-1-PMB-EM-FL-3-16S_S71_L001_R2_001.fastq.gz	30156
2023-1-PMB-EM-LE-1-16S_S68_L001_R1_001.fastq.gz	21437
2023-1-PMB-EM-LE-1-16S_S68_L001_R2_001.fastq.gz	21437
2023-1-PMB-EM-LE-2-16S_S70_L001_R1_001.fastq.gz	19978
2023-1-PMB-EM-LE-2-16S_S70_L001_R2_001.fastq.gz	19978
2023-1-PMB-EM-LE-3-16S_S72_L001_R1_001.fastq.gz	20530
2023-1-PMB-EM-LE-3-16S_S72_L001_R2_001.fastq.gz	20530
2023-1-PMB-HC-FL-1-16S_S49_L001_R1_001.fastq.gz	18795
2023-1-PMB-HC-FL-1-16S_S49_L001_R2_001.fastq.gz	18795
2023-1-PMB-HC-FL-2-16S_S51_L001_R1_001.fastq.gz	20009
2023-1-PMB-HC-FL-2-16S_S51_L001_R2_001.fastq.gz	20009
2023-1-PMB-HC-FL-3-16S_S53_L001_R1_001.fastq.gz	24488
2023-1-PMB-HC-FL-3-16S_S53_L001_R2_001.fastq.gz	24488
2023-1-PMB-HC-LE-1-16S_S50_L001_R1_001.fastq.gz	18026
2023-1-PMB-HC-LE-1-16S_S50_L001_R2_001.fastq.gz	18026
2023-1-PMB-HC-LE-2-16S_S52_L001_R1_001.fastq.gz	19466
2023-1-PMB-HC-LE-2-16S_S52_L001_R2_001.fastq.gz	19466
2023-1-PMB-HC-LE-3-16S_S54_L001_R1_001.fastq.gz	24655
2023-1-PMB-HC-LE-3-16S_S54_L001_R2_001.fastq.gz	24655
2023-1-PMB-LI-FL-1-16S_S61_L001_R1_001.fastq.gz	18170
2023-1-PMB-LI-FL-1-16S_S61_L001_R2_001.fastq.gz	18170
2023-1-PMB-LI-FL-2-16S_S63_L001_R1_001.fastq.gz	24404
2023-1-PMB-LI-FL-2-16S_S63_L001_R2_001.fastq.gz	24404
2023-1-PMB-LI-FL-3-16S_S65_L001_R1_001.fastq.gz	14221
2023-1-PMB-LI-FL-3-16S_S65_L001_R2_001.fastq.gz	14221
2023-1-PMB-LI-LE-1-16S_S62_L001_R1_001.fastq.gz	17522
2023-1-PMB-LI-LE-1-16S_S62_L001_R2_001.fastq.gz	17522
2023-1-PMB-LI-LE-2-16S_S64_L001_R1_001.fastq.gz	11471
2023-1-PMB-LI-LE-2-16S_S64_L001_R2_001.fastq.gz	11471
2023-1-PMB-LI-LE-3-16S_S66_L001_R1_001.fastq.gz	18033
2023-1-PMB-LI-LE-3-16S_S66_L001_R2_001.fastq.gz	18033
2023-1-PMB-PR-FL-1-16S_S43_L001_R1_001.fastq.gz	25009
2023-1-PMB-PR-FL-1-16S_S43_L001_R2_001.fastq.gz	25009
2023-1-PMB-PR-FL-2-16S_S45_L001_R1_001.fastq.gz	18306
2023-1-PMB-PR-FL-2-16S_S45_L001_R2_001.fastq.gz	18306
2023-1-PMB-PR-FL-3-16S_S47_L001_R1_001.fastq.gz	21096
2023-1-PMB-PR-FL-3-16S_S47_L001_R2_001.fastq.gz	21096
2023-1-PMB-PR-LE-3-16S_S48_L001_R1_001.fastq.gz	18207
2023-1-PMB-PR-LE-3-16S_S48_L001_R2_001.fastq.gz	18207
2023-1-PMB-SP-FL-1-16S_S55_L001_R1_001.fastq.gz	22129
2023-1-PMB-SP-FL-1-16S_S55_L001_R2_001.fastq.gz	22129
2023-1-PMB-SP-FL-2-16S_S57_L001_R1_001.fastq.gz	50405
2023-1-PMB-SP-FL-2-16S_S57_L001_R2_001.fastq.gz	50405
2023-1-PMB-SP-FL-3-16S_S59_L001_R1_001.fastq.gz	22297
2023-1-PMB-SP-FL-3-16S_S59_L001_R2_001.fastq.gz	22297
2023-1-PMB-SP-LE-1-16S_S56_L001_R1_001.fastq.gz	26945
2023-1-PMB-SP-LE-1-16S_S56_L001_R2_001.fastq.gz	26945
2023-1-PMB-SP-LE-2-16S_S58_L001_R1_001.fastq.gz	18108
2023-1-PMB-SP-LE-2-16S_S58_L001_R2_001.fastq.gz	18108
2023-1-PMB-SP-LE-3-16S_S60_L001_R1_001.fastq.gz	20597
2023-1-PMB-SP-LE-3-16S_S60_L001_R2_001.fastq.gz	20597
2023-1-PMB-SR-FL-1-16S_S73_L001_R1_001.fastq.gz	8601
2023-1-PMB-SR-FL-1-16S_S73_L001_R2_001.fastq.gz	8601
2023-1-PMB-SR-FL-2-16S_S75_L001_R1_001.fastq.gz	9032
2023-1-PMB-SR-FL-2-16S_S75_L001_R2_001.fastq.gz	9032
2023-1-PMB-SR-FL-3-16S_S77_L001_R1_001.fastq.gz	11550
2023-1-PMB-SR-FL-3-16S_S77_L001_R2_001.fastq.gz	11550
2023-1-PMB-SR-LE-1-16S_S74_L001_R1_001.fastq.gz	9110
2023-1-PMB-SR-LE-1-16S_S74_L001_R2_001.fastq.gz	9110
2023-1-PMB-SR-LE-2-16S_S76_L001_R1_001.fastq.gz	11054
2023-1-PMB-SR-LE-2-16S_S76_L001_R2_001.fastq.gz	11054
2023-1-PMB-SR-LE-3-16S_S78_L001_R1_001.fastq.gz	13338
2023-1-PMB-SR-LE-3-16S_S78_L001_R2_001.fastq.gz	13338
2023-1-PMP-PR-LE-1-16S_S44_L001_R1_001.fastq.gz	17245
2023-1-PMP-PR-LE-1-16S_S44_L001_R2_001.fastq.gz	17245
2023-1-PMP-PR-LE-2-16S_S46_L001_R1_001.fastq.gz	18065
2023-1-PMP-PR-LE-2-16S_S46_L001_R2_001.fastq.gz	18065
2023-1-VBS-CL-FL-1-16S_S102_L001_R1_001.fastq.gz	22597
2023-1-VBS-CL-FL-1-16S_S102_L001_R2_001.fastq.gz	22597
2023-1-VBS-CL-FL-2-16S_S104_L001_R1_001.fastq.gz	21119
2023-1-VBS-CL-FL-2-16S_S104_L001_R2_001.fastq.gz	21119
2023-1-VBS-CL-FL-3-16S_S106_L001_R1_001.fastq.gz	17313
2023-1-VBS-CL-FL-3-16S_S106_L001_R2_001.fastq.gz	17313
2023-1-VBS-CL-LE-1-16S_S103_L001_R1_001.fastq.gz	12831
2023-1-VBS-CL-LE-1-16S_S103_L001_R2_001.fastq.gz	12831
2023-1-VBS-CL-LE-2-16S_S105_L001_R1_001.fastq.gz	22563
2023-1-VBS-CL-LE-2-16S_S105_L001_R2_001.fastq.gz	22563
2023-1-VBS-CL-LE-3-16S_S107_L001_R1_001.fastq.gz	17396
2023-1-VBS-CL-LE-3-16S_S107_L001_R2_001.fastq.gz	17396
2023-1-VBS-FR-FL-1-16S_S132_L001_R1_001.fastq.gz	18998
2023-1-VBS-FR-FL-1-16S_S132_L001_R2_001.fastq.gz	18998
2023-1-VBS-FR-FL-2-16S_S134_L001_R1_001.fastq.gz	19563
2023-1-VBS-FR-FL-2-16S_S134_L001_R2_001.fastq.gz	19563
2023-1-VBS-FR-FL-3-16S_S136_L001_R1_001.fastq.gz	20590
2023-1-VBS-FR-FL-3-16S_S136_L001_R2_001.fastq.gz	20590
2023-1-VBS-FR-LE-1-16S_S133_L001_R1_001.fastq.gz	16414
2023-1-VBS-FR-LE-1-16S_S133_L001_R2_001.fastq.gz	16414
2023-1-VBS-FR-LE-2-16S_S135_L001_R1_001.fastq.gz	19729
2023-1-VBS-FR-LE-2-16S_S135_L001_R2_001.fastq.gz	19729
2023-1-VBS-FR-LE-3-16S_S137_L001_R1_001.fastq.gz	14885
2023-1-VBS-FR-LE-3-16S_S137_L001_R2_001.fastq.gz	14885
2023-1-VBS-HC-FL-1-16S_S114_L001_R1_001.fastq.gz	12528
2023-1-VBS-HC-FL-1-16S_S114_L001_R2_001.fastq.gz	12528
2023-1-VBS-HC-FL-2-16S_S116_L001_R1_001.fastq.gz	15802
2023-1-VBS-HC-FL-2-16S_S116_L001_R2_001.fastq.gz	15802
2023-1-VBS-HC-FL-3-16S_S118_L001_R1_001.fastq.gz	2566
2023-1-VBS-HC-FL-3-16S_S118_L001_R2_001.fastq.gz	2566
2023-1-VBS-HC-LE-1-16S_S115_L001_R1_001.fastq.gz	15360
2023-1-VBS-HC-LE-1-16S_S115_L001_R2_001.fastq.gz	15360
2023-1-VBS-HC-LE-2-16S_S117_L001_R1_001.fastq.gz	15902
2023-1-VBS-HC-LE-2-16S_S117_L001_R2_001.fastq.gz	15902
2023-1-VBS-HC-LE-3-16S_S119_L001_R1_001.fastq.gz	18250
2023-1-VBS-HC-LE-3-16S_S119_L001_R2_001.fastq.gz	18250
2023-1-VBS-LI-FL-1-16S_S126_L001_R1_001.fastq.gz	2949
2023-1-VBS-LI-FL-1-16S_S126_L001_R2_001.fastq.gz	2949
2023-1-VBS-LI-FL-2-16S_S128_L001_R1_001.fastq.gz	4412
2023-1-VBS-LI-FL-2-16S_S128_L001_R2_001.fastq.gz	4412
2023-1-VBS-LI-FL-3-16S_S130_L001_R1_001.fastq.gz	1003
2023-1-VBS-LI-FL-3-16S_S130_L001_R2_001.fastq.gz	1003
2023-1-VBS-LI-LE-1-16S_S127_L001_R1_001.fastq.gz	21061
2023-1-VBS-LI-LE-1-16S_S127_L001_R2_001.fastq.gz	21061
2023-1-VBS-LI-LE-2-16S_S129_L001_R1_001.fastq.gz	14153
2023-1-VBS-LI-LE-2-16S_S129_L001_R2_001.fastq.gz	14153
2023-1-VBS-LI-LE-3-16S_S131_L001_R1_001.fastq.gz	14471
2023-1-VBS-LI-LE-3-16S_S131_L001_R2_001.fastq.gz	14471
2023-1-VBS-PR-FL-1-16S_S108_L001_R1_001.fastq.gz	16917
2023-1-VBS-PR-FL-1-16S_S108_L001_R2_001.fastq.gz	16917
2023-1-VBS-PR-FL-2-16S_S110_L001_R1_001.fastq.gz	17403
2023-1-VBS-PR-FL-2-16S_S110_L001_R2_001.fastq.gz	17403
2023-1-VBS-PR-FL-3-16S_S112_L001_R1_001.fastq.gz	16060
2023-1-VBS-PR-FL-3-16S_S112_L001_R2_001.fastq.gz	16060
2023-1-VBS-PR-LE-1-16S_S109_L001_R1_001.fastq.gz	21267
2023-1-VBS-PR-LE-1-16S_S109_L001_R2_001.fastq.gz	21267
2023-1-VBS-PR-LE-2-16S_S111_L001_R1_001.fastq.gz	18482
2023-1-VBS-PR-LE-2-16S_S111_L001_R2_001.fastq.gz	18482
2023-1-VBS-PR-LE-3-16S_S113_L001_R1_001.fastq.gz	13897
2023-1-VBS-PR-LE-3-16S_S113_L001_R2_001.fastq.gz	13897
2023-1-VBS-SP-FL-1-16S_S120_L001_R1_001.fastq.gz	17192
2023-1-VBS-SP-FL-1-16S_S120_L001_R2_001.fastq.gz	17192
2023-1-VBS-SP-FL-2-16S_S122_L001_R1_001.fastq.gz	7882
2023-1-VBS-SP-FL-2-16S_S122_L001_R2_001.fastq.gz	7882
2023-1-VBS-SP-FL-3-16S_S124_L001_R1_001.fastq.gz	11115
2023-1-VBS-SP-FL-3-16S_S124_L001_R2_001.fastq.gz	11115
2023-1-VBS-SP-LE-1-16S_S121_L001_R1_001.fastq.gz	15657
2023-1-VBS-SP-LE-1-16S_S121_L001_R2_001.fastq.gz	15657
2023-1-VBS-SP-LE-2-16S_S123_L001_R1_001.fastq.gz	24389
2023-1-VBS-SP-LE-2-16S_S123_L001_R2_001.fastq.gz	24389
2023-1-VBS-SP-LE-3-16S_S125_L001_R1_001.fastq.gz	17474
2023-1-VBS-SP-LE-3-16S_S125_L001_R2_001.fastq.gz	17474
2023-2-ASB-CL-LE-1-16S_S168_L001_R1_001.fastq.gz	26762
2023-2-ASB-CL-LE-1-16S_S168_L001_R2_001.fastq.gz	26762
2023-2-ASB-CL-LE-2-16S_S169_L001_R1_001.fastq.gz	16846
2023-2-ASB-CL-LE-2-16S_S169_L001_R2_001.fastq.gz	16846
2023-2-ASB-CL-LE-3-16S_S170_L001_R1_001.fastq.gz	16733
2023-2-ASB-CL-LE-3-16S_S170_L001_R2_001.fastq.gz	16733
2023-2-ASB-EM-LE-1-16S_S183_L001_R1_001.fastq.gz	21831
2023-2-ASB-EM-LE-1-16S_S183_L001_R2_001.fastq.gz	21831
2023-2-ASB-EM-LE-2-16S_S184_L001_R1_001.fastq.gz	19994
2023-2-ASB-EM-LE-2-16S_S184_L001_R2_001.fastq.gz	19994
2023-2-ASB-EM-LE-3-16S_S185_L001_R1_001.fastq.gz	15582
2023-2-ASB-EM-LE-3-16S_S185_L001_R2_001.fastq.gz	15582
2023-2-ASB-HC-LE-1-16S_S174_L001_R1_001.fastq.gz	17640
2023-2-ASB-HC-LE-1-16S_S174_L001_R2_001.fastq.gz	17640
2023-2-ASB-HC-LE-2-16S_S175_L001_R1_001.fastq.gz	16244
2023-2-ASB-HC-LE-2-16S_S175_L001_R2_001.fastq.gz	16244
2023-2-ASB-HC-LE-3-16S_S176_L001_R1_001.fastq.gz	22565
2023-2-ASB-HC-LE-3-16S_S176_L001_R2_001.fastq.gz	22565
2023-2-ASB-LI-LE-1-16S_S180_L001_R1_001.fastq.gz	14499
2023-2-ASB-LI-LE-1-16S_S180_L001_R2_001.fastq.gz	14499
2023-2-ASB-LI-LE-2-16S_S181_L001_R1_001.fastq.gz	20026
2023-2-ASB-LI-LE-2-16S_S181_L001_R2_001.fastq.gz	20026
2023-2-ASB-LI-LE-3-16S_S182_L001_R1_001.fastq.gz	18106
2023-2-ASB-LI-LE-3-16S_S182_L001_R2_001.fastq.gz	18106
2023-2-ASB-PR-LE-1-16S_S171_L001_R1_001.fastq.gz	8042
2023-2-ASB-PR-LE-1-16S_S171_L001_R2_001.fastq.gz	8042
2023-2-ASB-PR-LE-2-16S_S172_L001_R1_001.fastq.gz	17903
2023-2-ASB-PR-LE-2-16S_S172_L001_R2_001.fastq.gz	17903
2023-2-ASB-PR-LE-3-16S_S173_L001_R1_001.fastq.gz	16171
2023-2-ASB-PR-LE-3-16S_S173_L001_R2_001.fastq.gz	16171
2023-2-ASB-SP-LE-1-16S_S177_L001_R1_001.fastq.gz	14574
2023-2-ASB-SP-LE-1-16S_S177_L001_R2_001.fastq.gz	14574
2023-2-ASB-SP-LE-2-16S_S178_L001_R1_001.fastq.gz	17045
2023-2-ASB-SP-LE-2-16S_S178_L001_R2_001.fastq.gz	17045
2023-2-ASB-SP-LE-3-16S_S179_L001_R1_001.fastq.gz	15716
2023-2-ASB-SP-LE-3-16S_S179_L001_R2_001.fastq.gz	15716
2023-2-COM-EM-LE-1-16S_S213_L001_R1_001.fastq.gz	21471
2023-2-COM-EM-LE-1-16S_S213_L001_R2_001.fastq.gz	21471
2023-2-COM-EM-LE-2-16S_S214_L001_R1_001.fastq.gz	20729
2023-2-COM-EM-LE-2-16S_S214_L001_R2_001.fastq.gz	20729
2023-2-COM-EM-LE-3-16S_S215_L001_R1_001.fastq.gz	24899
2023-2-COM-EM-LE-3-16S_S215_L001_R2_001.fastq.gz	24899
2023-2-COM-HC-LE-1-16S_S207_L001_R1_001.fastq.gz	21386
2023-2-COM-HC-LE-1-16S_S207_L001_R2_001.fastq.gz	21386
2023-2-COM-HC-LE-2-16S_S208_L001_R1_001.fastq.gz	19328
2023-2-COM-HC-LE-2-16S_S208_L001_R2_001.fastq.gz	19328
2023-2-COM-HC-LE-3-16S_S209_L001_R1_001.fastq.gz	19931
2023-2-COM-HC-LE-3-16S_S209_L001_R2_001.fastq.gz	19931
2023-2-COM-SP-LE-1-16S_S210_L001_R1_001.fastq.gz	20481
2023-2-COM-SP-LE-1-16S_S210_L001_R2_001.fastq.gz	20481
2023-2-COM-SP-LE-2-16S_S211_L001_R1_001.fastq.gz	20875
2023-2-COM-SP-LE-2-16S_S211_L001_R2_001.fastq.gz	20875
2023-2-COM-SP-LE-3-16S_S212_L001_R1_001.fastq.gz	26368
2023-2-COM-SP-LE-3-16S_S212_L001_R2_001.fastq.gz	26368
2023-2-COM-SR-LE-1-16S_S216_L001_R1_001.fastq.gz	28986
2023-2-COM-SR-LE-1-16S_S216_L001_R2_001.fastq.gz	28986
2023-2-COM-SR-LE-2-16S_S217_L001_R1_001.fastq.gz	26885
2023-2-COM-SR-LE-2-16S_S217_L001_R2_001.fastq.gz	26885
2023-2-COM-SR-LE-3-16S_S218_L001_R1_001.fastq.gz	22572
2023-2-COM-SR-LE-3-16S_S218_L001_R2_001.fastq.gz	22572
2023-2-MIB-CL-LE-1-16S_S252_L001_R1_001.fastq.gz	26168
2023-2-MIB-CL-LE-1-16S_S252_L001_R2_001.fastq.gz	26168
2023-2-MIB-CL-LE-2-16S_S253_L001_R1_001.fastq.gz	25527
2023-2-MIB-CL-LE-2-16S_S253_L001_R2_001.fastq.gz	25527
2023-2-MIB-CL-LE-3-16S_S254_L001_R1_001.fastq.gz	22743
2023-2-MIB-CL-LE-3-16S_S254_L001_R2_001.fastq.gz	22743
2023-2-MIB-EM-LE-1-16S_S264_L001_R1_001.fastq.gz	20510
2023-2-MIB-EM-LE-1-16S_S264_L001_R2_001.fastq.gz	20510
2023-2-MIB-EM-LE-2-16S_S265_L001_R1_001.fastq.gz	20491
2023-2-MIB-EM-LE-2-16S_S265_L001_R2_001.fastq.gz	20491
2023-2-MIB-EM-LE-3-16S_S266_L001_R1_001.fastq.gz	23928
2023-2-MIB-EM-LE-3-16S_S266_L001_R2_001.fastq.gz	23928
2023-2-MIB-HC-LE-1-16S_S255_L001_R1_001.fastq.gz	23017
2023-2-MIB-HC-LE-1-16S_S255_L001_R2_001.fastq.gz	23017
2023-2-MIB-HC-LE-2-16S_S256_L001_R1_001.fastq.gz	29631
2023-2-MIB-HC-LE-2-16S_S256_L001_R2_001.fastq.gz	29631
2023-2-MIB-HC-LE-3-16S_S257_L001_R1_001.fastq.gz	26052
2023-2-MIB-HC-LE-3-16S_S257_L001_R2_001.fastq.gz	26052
2023-2-MIB-LI-LE-1-16S_S261_L001_R1_001.fastq.gz	24203
2023-2-MIB-LI-LE-1-16S_S261_L001_R2_001.fastq.gz	24203
2023-2-MIB-LI-LE-2-16S_S262_L001_R1_001.fastq.gz	22962
2023-2-MIB-LI-LE-2-16S_S262_L001_R2_001.fastq.gz	22962
2023-2-MIB-LI-LE-3-16S_S263_L001_R1_001.fastq.gz	20769
2023-2-MIB-LI-LE-3-16S_S263_L001_R2_001.fastq.gz	20769
2023-2-MIB-SP-LE-1-16S_S258_L001_R1_001.fastq.gz	21771
2023-2-MIB-SP-LE-1-16S_S258_L001_R2_001.fastq.gz	21771
2023-2-MIB-SP-LE-2-16S_S259_L001_R1_001.fastq.gz	28524
2023-2-MIB-SP-LE-2-16S_S259_L001_R2_001.fastq.gz	28524
2023-2-MIB-SP-LE-3-16S_S260_L001_R1_001.fastq.gz	30092
2023-2-MIB-SP-LE-3-16S_S260_L001_R2_001.fastq.gz	30092
2023-2-MIC-CL-LE-1-16S_S237_L001_R1_001.fastq.gz	23570
2023-2-MIC-CL-LE-1-16S_S237_L001_R2_001.fastq.gz	23570
2023-2-MIC-CL-LE-2-16S_S238_L001_R1_001.fastq.gz	24677
2023-2-MIC-CL-LE-2-16S_S238_L001_R2_001.fastq.gz	24677
2023-2-MIC-CL-LE-3-16S_S239_L001_R1_001.fastq.gz	35941
2023-2-MIC-CL-LE-3-16S_S239_L001_R2_001.fastq.gz	35941
2023-2-MIC-EM-LE-1-16S_S249_L001_R1_001.fastq.gz	26707
2023-2-MIC-EM-LE-1-16S_S249_L001_R2_001.fastq.gz	26707
2023-2-MIC-EM-LE-2-16S_S250_L001_R1_001.fastq.gz	29565
2023-2-MIC-EM-LE-2-16S_S250_L001_R2_001.fastq.gz	29565
2023-2-MIC-EM-LE-3-16S_S251_L001_R1_001.fastq.gz	33403
2023-2-MIC-EM-LE-3-16S_S251_L001_R2_001.fastq.gz	33403
2023-2-MIC-HC-LE-1-16S_S240_L001_R1_001.fastq.gz	29927
2023-2-MIC-HC-LE-1-16S_S240_L001_R2_001.fastq.gz	29927
2023-2-MIC-HC-LE-2-16S_S241_L001_R1_001.fastq.gz	29128
2023-2-MIC-HC-LE-2-16S_S241_L001_R2_001.fastq.gz	29128
2023-2-MIC-HC-LE-3-16S_S242_L001_R1_001.fastq.gz	24581
2023-2-MIC-HC-LE-3-16S_S242_L001_R2_001.fastq.gz	24581
2023-2-MIC-LI-LE-1-16S_S246_L001_R1_001.fastq.gz	23714
2023-2-MIC-LI-LE-1-16S_S246_L001_R2_001.fastq.gz	23714
2023-2-MIC-LI-LE-2-16S_S247_L001_R1_001.fastq.gz	25239
2023-2-MIC-LI-LE-2-16S_S247_L001_R2_001.fastq.gz	25239
2023-2-MIC-LI-LE-3-16S_S248_L001_R1_001.fastq.gz	28041
2023-2-MIC-LI-LE-3-16S_S248_L001_R2_001.fastq.gz	28041
2023-2-MIC-SP-LE-1-16S_S243_L001_R1_001.fastq.gz	25924
2023-2-MIC-SP-LE-1-16S_S243_L001_R2_001.fastq.gz	25924
2023-2-MIC-SP-LE-2-16S_S244_L001_R1_001.fastq.gz	34369
2023-2-MIC-SP-LE-2-16S_S244_L001_R2_001.fastq.gz	34369
2023-2-MIC-SP-LE-3-16S_S245_L001_R1_001.fastq.gz	30898
2023-2-MIC-SP-LE-3-16S_S245_L001_R2_001.fastq.gz	30898
2023-2-PMB-CL-LE-1-16S_S186_L001_R1_001.fastq.gz	18531
2023-2-PMB-CL-LE-1-16S_S186_L001_R2_001.fastq.gz	18531
2023-2-PMB-CL-LE-2-16S_S187_L001_R1_001.fastq.gz	14315
2023-2-PMB-CL-LE-2-16S_S187_L001_R2_001.fastq.gz	14315
2023-2-PMB-CL-LE-3-16S_S188_L001_R1_001.fastq.gz	14033
2023-2-PMB-CL-LE-3-16S_S188_L001_R2_001.fastq.gz	14033
2023-2-PMB-EM-LE-1-16S_S201_L001_R1_001.fastq.gz	20640
2023-2-PMB-EM-LE-1-16S_S201_L001_R2_001.fastq.gz	20640
2023-2-PMB-EM-LE-2-16S_S202_L001_R1_001.fastq.gz	19866
2023-2-PMB-EM-LE-2-16S_S202_L001_R2_001.fastq.gz	19866
2023-2-PMB-EM-LE-3-16S_S203_L001_R1_001.fastq.gz	21174
2023-2-PMB-EM-LE-3-16S_S203_L001_R2_001.fastq.gz	21174
2023-2-PMB-HC-LE-1-16S_S192_L001_R1_001.fastq.gz	19148
2023-2-PMB-HC-LE-1-16S_S192_L001_R2_001.fastq.gz	19148
2023-2-PMB-HC-LE-2-16S_S193_L001_R1_001.fastq.gz	25388
2023-2-PMB-HC-LE-2-16S_S193_L001_R2_001.fastq.gz	25388
2023-2-PMB-HC-LE-3-16S_S194_L001_R1_001.fastq.gz	19714
2023-2-PMB-HC-LE-3-16S_S194_L001_R2_001.fastq.gz	19714
2023-2-PMB-LI-LE-1-16S_S198_L001_R1_001.fastq.gz	22221
2023-2-PMB-LI-LE-1-16S_S198_L001_R2_001.fastq.gz	22221
2023-2-PMB-LI-LE-2-16S_S199_L001_R1_001.fastq.gz	2249
2023-2-PMB-LI-LE-2-16S_S199_L001_R2_001.fastq.gz	2249
2023-2-PMB-LI-LE-3-16S_S200_L001_R1_001.fastq.gz	22708
2023-2-PMB-LI-LE-3-16S_S200_L001_R2_001.fastq.gz	22708
2023-2-PMB-PR-LE-1-16S_S189_L001_R1_001.fastq.gz	14377
2023-2-PMB-PR-LE-1-16S_S189_L001_R2_001.fastq.gz	14377
2023-2-PMB-PR-LE-2-16S_S190_L001_R1_001.fastq.gz	19987
2023-2-PMB-PR-LE-2-16S_S190_L001_R2_001.fastq.gz	19987
2023-2-PMB-PR-LE-3-16S_S191_L001_R1_001.fastq.gz	16999
2023-2-PMB-PR-LE-3-16S_S191_L001_R2_001.fastq.gz	16999
2023-2-PMB-SP-LE-1-16S_S195_L001_R1_001.fastq.gz	19335
2023-2-PMB-SP-LE-1-16S_S195_L001_R2_001.fastq.gz	19335
2023-2-PMB-SP-LE-2-16S_S196_L001_R1_001.fastq.gz	21745
2023-2-PMB-SP-LE-2-16S_S196_L001_R2_001.fastq.gz	21745
2023-2-PMB-SP-LE-3-16S_S197_L001_R1_001.fastq.gz	24120
2023-2-PMB-SP-LE-3-16S_S197_L001_R2_001.fastq.gz	24120
2023-2-PMB-SR-LE-1-16S_S204_L001_R1_001.fastq.gz	19822
2023-2-PMB-SR-LE-1-16S_S204_L001_R2_001.fastq.gz	19822
2023-2-PMB-SR-LE-2-16S_S205_L001_R1_001.fastq.gz	17971
2023-2-PMB-SR-LE-2-16S_S205_L001_R2_001.fastq.gz	17971
2023-2-PMB-SR-LE-3-16S_S206_L001_R1_001.fastq.gz	16822
2023-2-PMB-SR-LE-3-16S_S206_L001_R2_001.fastq.gz	16822
2023-2-VBS-CL-LE-1-16S_S219_L001_R1_001.fastq.gz	19468
2023-2-VBS-CL-LE-1-16S_S219_L001_R2_001.fastq.gz	19468
2023-2-VBS-CL-LE-2-16S_S220_L001_R1_001.fastq.gz	33527
2023-2-VBS-CL-LE-2-16S_S220_L001_R2_001.fastq.gz	33527
2023-2-VBS-CL-LE-3-16S_S221_L001_R1_001.fastq.gz	22997
2023-2-VBS-CL-LE-3-16S_S221_L001_R2_001.fastq.gz	22997
2023-2-VBS-FR-LE-1-16S_S234_L001_R1_001.fastq.gz	20750
2023-2-VBS-FR-LE-1-16S_S234_L001_R2_001.fastq.gz	20750
2023-2-VBS-FR-LE-2-16S_S235_L001_R1_001.fastq.gz	23892
2023-2-VBS-FR-LE-2-16S_S235_L001_R2_001.fastq.gz	23892
2023-2-VBS-FR-LE-3-16S_S236_L001_R1_001.fastq.gz	24330
2023-2-VBS-FR-LE-3-16S_S236_L001_R2_001.fastq.gz	24330
2023-2-VBS-HC-LE-1-16S_S225_L001_R1_001.fastq.gz	22607
2023-2-VBS-HC-LE-1-16S_S225_L001_R2_001.fastq.gz	22607
2023-2-VBS-HC-LE-2-16S_S226_L001_R1_001.fastq.gz	22225
2023-2-VBS-HC-LE-2-16S_S226_L001_R2_001.fastq.gz	22225
2023-2-VBS-HC-LE-3-16S_S227_L001_R1_001.fastq.gz	31875
2023-2-VBS-HC-LE-3-16S_S227_L001_R2_001.fastq.gz	31875
2023-2-VBS-LI-LE-1-16S_S231_L001_R1_001.fastq.gz	24355
2023-2-VBS-LI-LE-1-16S_S231_L001_R2_001.fastq.gz	24355
2023-2-VBS-LI-LE-2-16S_S232_L001_R1_001.fastq.gz	25731
2023-2-VBS-LI-LE-2-16S_S232_L001_R2_001.fastq.gz	25731
2023-2-VBS-LI-LE-3-16S_S233_L001_R1_001.fastq.gz	29600
2023-2-VBS-LI-LE-3-16S_S233_L001_R2_001.fastq.gz	29600
2023-2-VBS-PR-LE-1-16S_S222_L001_R1_001.fastq.gz	21847
2023-2-VBS-PR-LE-1-16S_S222_L001_R2_001.fastq.gz	21847
2023-2-VBS-PR-LE-2-16S_S223_L001_R1_001.fastq.gz	17175
2023-2-VBS-PR-LE-2-16S_S223_L001_R2_001.fastq.gz	17175
2023-2-VBS-PR-LE-3-16S_S224_L001_R1_001.fastq.gz	24345
2023-2-VBS-PR-LE-3-16S_S224_L001_R2_001.fastq.gz	24345
2023-2-VBS-SP-LE-1-16S_S228_L001_R1_001.fastq.gz	27875
2023-2-VBS-SP-LE-1-16S_S228_L001_R2_001.fastq.gz	27875
2023-2-VBS-SP-LE-2-16S_S229_L001_R1_001.fastq.gz	20964
2023-2-VBS-SP-LE-2-16S_S229_L001_R2_001.fastq.gz	20964
2023-2-VBS-SP-LE-3-16S_S230_L001_R1_001.fastq.gz	26862
2023-2-VBS-SP-LE-3-16S_S230_L001_R2_001.fastq.gz	26862
2023-3-ASB-CL-LE-1-16S_S267_L001_R1_001.fastq.gz	26473
2023-3-ASB-CL-LE-1-16S_S267_L001_R2_001.fastq.gz	26473
2023-3-ASB-CL-LE-2-16S_S268_L001_R1_001.fastq.gz	23959
2023-3-ASB-CL-LE-2-16S_S268_L001_R2_001.fastq.gz	23959
2023-3-ASB-CL-LE-3-16S_S269_L001_R1_001.fastq.gz	24551
2023-3-ASB-CL-LE-3-16S_S269_L001_R2_001.fastq.gz	24551
2023-3-ASB-EM-LE-1-16S_S282_L001_R1_001.fastq.gz	21237
2023-3-ASB-EM-LE-1-16S_S282_L001_R2_001.fastq.gz	21237
2023-3-ASB-EM-LE-2-16S_S283_L001_R1_001.fastq.gz	33468
2023-3-ASB-EM-LE-2-16S_S283_L001_R2_001.fastq.gz	33468
2023-3-ASB-EM-LE-3-16S_S284_L001_R1_001.fastq.gz	25530
2023-3-ASB-EM-LE-3-16S_S284_L001_R2_001.fastq.gz	25530
2023-3-ASB-HC-LE-1-16S_S273_L001_R1_001.fastq.gz	32817
2023-3-ASB-HC-LE-1-16S_S273_L001_R2_001.fastq.gz	32817
2023-3-ASB-HC-LE-2-16S_S274_L001_R1_001.fastq.gz	24932
2023-3-ASB-HC-LE-2-16S_S274_L001_R2_001.fastq.gz	24932
2023-3-ASB-HC-LE-3-16S_S275_L001_R1_001.fastq.gz	26177
2023-3-ASB-HC-LE-3-16S_S275_L001_R2_001.fastq.gz	26177
2023-3-ASB-LI-LE-1-16S_S279_L001_R1_001.fastq.gz	19791
2023-3-ASB-LI-LE-1-16S_S279_L001_R2_001.fastq.gz	19791
2023-3-ASB-LI-LE-2-16S_S280_L001_R1_001.fastq.gz	21621
2023-3-ASB-LI-LE-2-16S_S280_L001_R2_001.fastq.gz	21621
2023-3-ASB-LI-LE-3-16S_S281_L001_R1_001.fastq.gz	21504
2023-3-ASB-LI-LE-3-16S_S281_L001_R2_001.fastq.gz	21504
2023-3-ASB-PR-LE-1-16S_S270_L001_R1_001.fastq.gz	27305
2023-3-ASB-PR-LE-1-16S_S270_L001_R2_001.fastq.gz	27305
2023-3-ASB-PR-LE-2-16S_S271_L001_R1_001.fastq.gz	19042
2023-3-ASB-PR-LE-2-16S_S271_L001_R2_001.fastq.gz	19042
2023-3-ASB-PR-LE-3-16S_S272_L001_R1_001.fastq.gz	26351
2023-3-ASB-PR-LE-3-16S_S272_L001_R2_001.fastq.gz	26351
2023-3-ASB-SP-LE-1-16S_S276_L001_R1_001.fastq.gz	25180
2023-3-ASB-SP-LE-1-16S_S276_L001_R2_001.fastq.gz	25180
2023-3-ASB-SP-LE-2-16S_S277_L001_R1_001.fastq.gz	16024
2023-3-ASB-SP-LE-2-16S_S277_L001_R2_001.fastq.gz	16024
2023-3-ASB-SP-LE-3-16S_S278_L001_R1_001.fastq.gz	25439
2023-3-ASB-SP-LE-3-16S_S278_L001_R2_001.fastq.gz	25439
2023-3-COM-EM-LE-1-16S_S312_L001_R1_001.fastq.gz	24840
2023-3-COM-EM-LE-1-16S_S312_L001_R2_001.fastq.gz	24840
2023-3-COM-EM-LE-2-16S_S313_L001_R1_001.fastq.gz	28500
2023-3-COM-EM-LE-2-16S_S313_L001_R2_001.fastq.gz	28500
2023-3-COM-EM-LE-3-16S_S314_L001_R1_001.fastq.gz	30601
2023-3-COM-EM-LE-3-16S_S314_L001_R2_001.fastq.gz	30601
2023-3-COM-HC-LE-1-16S_S306_L001_R1_001.fastq.gz	30174
2023-3-COM-HC-LE-1-16S_S306_L001_R2_001.fastq.gz	30174
2023-3-COM-HC-LE-2-16S_S307_L001_R1_001.fastq.gz	23900
2023-3-COM-HC-LE-2-16S_S307_L001_R2_001.fastq.gz	23900
2023-3-COM-HC-LE-3-16S_S308_L001_R1_001.fastq.gz	17633
2023-3-COM-HC-LE-3-16S_S308_L001_R2_001.fastq.gz	17633
2023-3-COM-SP-LE-1-16S_S309_L001_R1_001.fastq.gz	29781
2023-3-COM-SP-LE-1-16S_S309_L001_R2_001.fastq.gz	29781
2023-3-COM-SP-LE-2-16S_S310_L001_R1_001.fastq.gz	28291
2023-3-COM-SP-LE-2-16S_S310_L001_R2_001.fastq.gz	28291
2023-3-COM-SP-LE-3-16S_S311_L001_R1_001.fastq.gz	31007
2023-3-COM-SP-LE-3-16S_S311_L001_R2_001.fastq.gz	31007
2023-3-COM-SR-LE-1-16S_S315_L001_R1_001.fastq.gz	24164
2023-3-COM-SR-LE-1-16S_S315_L001_R2_001.fastq.gz	24164
2023-3-COM-SR-LE-2-16S_S316_L001_R1_001.fastq.gz	30498
2023-3-COM-SR-LE-2-16S_S316_L001_R2_001.fastq.gz	30498
2023-3-COM-SR-LE-3-16S_S317_L001_R1_001.fastq.gz	21517
2023-3-COM-SR-LE-3-16S_S317_L001_R2_001.fastq.gz	21517
2023-3-MIB-CL-LE-1-16S_S351_L001_R1_001.fastq.gz	32905
2023-3-MIB-CL-LE-1-16S_S351_L001_R2_001.fastq.gz	32905
2023-3-MIB-CL-LE-2-16S_S352_L001_R1_001.fastq.gz	21794
2023-3-MIB-CL-LE-2-16S_S352_L001_R2_001.fastq.gz	21794
2023-3-MIB-CL-LE-3-16S_S353_L001_R1_001.fastq.gz	25959
2023-3-MIB-CL-LE-3-16S_S353_L001_R2_001.fastq.gz	25959
2023-3-MIB-EM-LE-1-16S_S363_L001_R1_001.fastq.gz	21969
2023-3-MIB-EM-LE-1-16S_S363_L001_R2_001.fastq.gz	21969
2023-3-MIB-EM-LE-2-16S_S364_L001_R1_001.fastq.gz	22005
2023-3-MIB-EM-LE-2-16S_S364_L001_R2_001.fastq.gz	22005
2023-3-MIB-EM-LE-3-16S_S365_L001_R1_001.fastq.gz	32291
2023-3-MIB-EM-LE-3-16S_S365_L001_R2_001.fastq.gz	32291
2023-3-MIB-HC-LE-1-16S_S354_L001_R1_001.fastq.gz	34973
2023-3-MIB-HC-LE-1-16S_S354_L001_R2_001.fastq.gz	34973
2023-3-MIB-HC-LE-2-16S_S355_L001_R1_001.fastq.gz	30097
2023-3-MIB-HC-LE-2-16S_S355_L001_R2_001.fastq.gz	30097
2023-3-MIB-HC-LE-3-16S_S356_L001_R1_001.fastq.gz	31371
2023-3-MIB-HC-LE-3-16S_S356_L001_R2_001.fastq.gz	31371
2023-3-MIB-LI-LE-1-16S_S360_L001_R1_001.fastq.gz	23086
2023-3-MIB-LI-LE-1-16S_S360_L001_R2_001.fastq.gz	23086
2023-3-MIB-LI-LE-2-16S_S361_L001_R1_001.fastq.gz	29038
2023-3-MIB-LI-LE-2-16S_S361_L001_R2_001.fastq.gz	29038
2023-3-MIB-LI-LE-3-16S_S362_L001_R1_001.fastq.gz	23680
2023-3-MIB-LI-LE-3-16S_S362_L001_R2_001.fastq.gz	23680
2023-3-MIB-SP-LE-1-16S_S357_L001_R1_001.fastq.gz	24668
2023-3-MIB-SP-LE-1-16S_S357_L001_R2_001.fastq.gz	24668
2023-3-MIB-SP-LE-2-16S_S358_L001_R1_001.fastq.gz	30241
2023-3-MIB-SP-LE-2-16S_S358_L001_R2_001.fastq.gz	30241
2023-3-MIB-SP-LE-3-16S_S359_L001_R1_001.fastq.gz	32636
2023-3-MIB-SP-LE-3-16S_S359_L001_R2_001.fastq.gz	32636
2023-3-MIC-CL-LE-1-16S_S336_L001_R1_001.fastq.gz	22062
2023-3-MIC-CL-LE-1-16S_S336_L001_R2_001.fastq.gz	22062
2023-3-MIC-CL-LE-2-16S_S337_L001_R1_001.fastq.gz	21311
2023-3-MIC-CL-LE-2-16S_S337_L001_R2_001.fastq.gz	21311
2023-3-MIC-CL-LE-3-16S_S338_L001_R1_001.fastq.gz	20405
2023-3-MIC-CL-LE-3-16S_S338_L001_R2_001.fastq.gz	20405
2023-3-MIC-EM-LE-1-16S_S348_L001_R1_001.fastq.gz	26448
2023-3-MIC-EM-LE-1-16S_S348_L001_R2_001.fastq.gz	26448
2023-3-MIC-EM-LE-2-16S_S349_L001_R1_001.fastq.gz	32814
2023-3-MIC-EM-LE-2-16S_S349_L001_R2_001.fastq.gz	32814
2023-3-MIC-EM-LE-3-16S_S350_L001_R1_001.fastq.gz	34349
2023-3-MIC-EM-LE-3-16S_S350_L001_R2_001.fastq.gz	34349
2023-3-MIC-HC-LE-1-16S_S339_L001_R1_001.fastq.gz	19069
2023-3-MIC-HC-LE-1-16S_S339_L001_R2_001.fastq.gz	19069
2023-3-MIC-HC-LE-2-16S_S340_L001_R1_001.fastq.gz	21995
2023-3-MIC-HC-LE-2-16S_S340_L001_R2_001.fastq.gz	21995
2023-3-MIC-HC-LE-3-16S_S341_L001_R1_001.fastq.gz	24102
2023-3-MIC-HC-LE-3-16S_S341_L001_R2_001.fastq.gz	24102
2023-3-MIC-LI-LE-1-16S_S345_L001_R1_001.fastq.gz	23335
2023-3-MIC-LI-LE-1-16S_S345_L001_R2_001.fastq.gz	23335
2023-3-MIC-LI-LE-2-16S_S346_L001_R1_001.fastq.gz	31538
2023-3-MIC-LI-LE-2-16S_S346_L001_R2_001.fastq.gz	31538
2023-3-MIC-LI-LE-3-16S_S347_L001_R1_001.fastq.gz	21420
2023-3-MIC-LI-LE-3-16S_S347_L001_R2_001.fastq.gz	21420
2023-3-MIC-SP-LE-1-16S_S342_L001_R1_001.fastq.gz	22085
2023-3-MIC-SP-LE-1-16S_S342_L001_R2_001.fastq.gz	22085
2023-3-MIC-SP-LE-2-16S_S343_L001_R1_001.fastq.gz	23430
2023-3-MIC-SP-LE-2-16S_S343_L001_R2_001.fastq.gz	23430
2023-3-MIC-SP-LE-3-16S_S344_L001_R1_001.fastq.gz	25491
2023-3-MIC-SP-LE-3-16S_S344_L001_R2_001.fastq.gz	25491
2023-3-PMB-CL-LE-1-16S_S285_L001_R1_001.fastq.gz	26691
2023-3-PMB-CL-LE-1-16S_S285_L001_R2_001.fastq.gz	26691
2023-3-PMB-CL-LE-2-16S_S286_L001_R1_001.fastq.gz	25851
2023-3-PMB-CL-LE-2-16S_S286_L001_R2_001.fastq.gz	25851
2023-3-PMB-CL-LE-3-16S_S287_L001_R1_001.fastq.gz	27426
2023-3-PMB-CL-LE-3-16S_S287_L001_R2_001.fastq.gz	27426
2023-3-PMB-EM-LE-1-16S_S300_L001_R1_001.fastq.gz	17196
2023-3-PMB-EM-LE-1-16S_S300_L001_R2_001.fastq.gz	17196
2023-3-PMB-EM-LE-2-16S_S301_L001_R1_001.fastq.gz	24181
2023-3-PMB-EM-LE-2-16S_S301_L001_R2_001.fastq.gz	24181
2023-3-PMB-EM-LE-3-16S_S302_L001_R1_001.fastq.gz	24802
2023-3-PMB-EM-LE-3-16S_S302_L001_R2_001.fastq.gz	24802
2023-3-PMB-HC-LE-1-16S_S291_L001_R1_001.fastq.gz	28194
2023-3-PMB-HC-LE-1-16S_S291_L001_R2_001.fastq.gz	28194
2023-3-PMB-HC-LE-2-16S_S292_L001_R1_001.fastq.gz	22450
2023-3-PMB-HC-LE-2-16S_S292_L001_R2_001.fastq.gz	22450
2023-3-PMB-HC-LE-3-16S_S293_L001_R1_001.fastq.gz	17442
2023-3-PMB-HC-LE-3-16S_S293_L001_R2_001.fastq.gz	17442
2023-3-PMB-LI-LE-1-16S_S297_L001_R1_001.fastq.gz	16721
2023-3-PMB-LI-LE-1-16S_S297_L001_R2_001.fastq.gz	16721
2023-3-PMB-LI-LE-2-16S_S298_L001_R1_001.fastq.gz	20176
2023-3-PMB-LI-LE-2-16S_S298_L001_R2_001.fastq.gz	20176
2023-3-PMB-LI-LE-3-16S_S299_L001_R1_001.fastq.gz	12788
2023-3-PMB-LI-LE-3-16S_S299_L001_R2_001.fastq.gz	12788
2023-3-PMB-PR-LE-1-16S_S288_L001_R1_001.fastq.gz	27716
2023-3-PMB-PR-LE-1-16S_S288_L001_R2_001.fastq.gz	27716
2023-3-PMB-PR-LE-2-16S_S289_L001_R1_001.fastq.gz	33812
2023-3-PMB-PR-LE-2-16S_S289_L001_R2_001.fastq.gz	33812
2023-3-PMB-PR-LE-3-16S_S290_L001_R1_001.fastq.gz	26805
2023-3-PMB-PR-LE-3-16S_S290_L001_R2_001.fastq.gz	26805
2023-3-PMB-SP-LE-1-16S_S294_L001_R1_001.fastq.gz	16181
2023-3-PMB-SP-LE-1-16S_S294_L001_R2_001.fastq.gz	16181
2023-3-PMB-SP-LE-2-16S_S295_L001_R1_001.fastq.gz	18116
2023-3-PMB-SP-LE-2-16S_S295_L001_R2_001.fastq.gz	18116
2023-3-PMB-SP-LE-3-16S_S296_L001_R1_001.fastq.gz	16786
2023-3-PMB-SP-LE-3-16S_S296_L001_R2_001.fastq.gz	16786
2023-3-PMB-SR-LE-1-16S_S303_L001_R1_001.fastq.gz	26576
2023-3-PMB-SR-LE-1-16S_S303_L001_R2_001.fastq.gz	26576
2023-3-PMB-SR-LE-2-16S_S304_L001_R1_001.fastq.gz	15210
2023-3-PMB-SR-LE-2-16S_S304_L001_R2_001.fastq.gz	15210
2023-3-PMB-SR-LE-3-16S_S305_L001_R1_001.fastq.gz	20848
2023-3-PMB-SR-LE-3-16S_S305_L001_R2_001.fastq.gz	20848
2023-3-VBS-CL-LE-1-16S_S318_L001_R1_001.fastq.gz	21821
2023-3-VBS-CL-LE-1-16S_S318_L001_R2_001.fastq.gz	21821
2023-3-VBS-CL-LE-2-16S_S319_L001_R1_001.fastq.gz	23671
2023-3-VBS-CL-LE-2-16S_S319_L001_R2_001.fastq.gz	23671
2023-3-VBS-CL-LE-3-16S_S320_L001_R1_001.fastq.gz	19491
2023-3-VBS-CL-LE-3-16S_S320_L001_R2_001.fastq.gz	19491
2023-3-VBS-FR-LE-1-16S_S333_L001_R1_001.fastq.gz	25447
2023-3-VBS-FR-LE-1-16S_S333_L001_R2_001.fastq.gz	25447
2023-3-VBS-FR-LE-2-16S_S334_L001_R1_001.fastq.gz	21225
2023-3-VBS-FR-LE-2-16S_S334_L001_R2_001.fastq.gz	21225
2023-3-VBS-FR-LE-3-16S_S335_L001_R1_001.fastq.gz	22640
2023-3-VBS-FR-LE-3-16S_S335_L001_R2_001.fastq.gz	22640
2023-3-VBS-HC-LE-1-16S_S324_L001_R1_001.fastq.gz	21230
2023-3-VBS-HC-LE-1-16S_S324_L001_R2_001.fastq.gz	21230
2023-3-VBS-HC-LE-2-16S_S325_L001_R1_001.fastq.gz	20056
2023-3-VBS-HC-LE-2-16S_S325_L001_R2_001.fastq.gz	20056
2023-3-VBS-HC-LE-3-16S_S326_L001_R1_001.fastq.gz	28783
2023-3-VBS-HC-LE-3-16S_S326_L001_R2_001.fastq.gz	28783
2023-3-VBS-LI-LE-1-16S_S330_L001_R1_001.fastq.gz	29201
2023-3-VBS-LI-LE-1-16S_S330_L001_R2_001.fastq.gz	29201
2023-3-VBS-LI-LE-2-16S_S331_L001_R1_001.fastq.gz	29580
2023-3-VBS-LI-LE-2-16S_S331_L001_R2_001.fastq.gz	29580
2023-3-VBS-LI-LE-3-16S_S332_L001_R1_001.fastq.gz	24187
2023-3-VBS-LI-LE-3-16S_S332_L001_R2_001.fastq.gz	24187
2023-3-VBS-PR-LE-1-16S_S321_L001_R1_001.fastq.gz	26377
2023-3-VBS-PR-LE-1-16S_S321_L001_R2_001.fastq.gz	26377
2023-3-VBS-PR-LE-2-16S_S322_L001_R1_001.fastq.gz	26094
2023-3-VBS-PR-LE-2-16S_S322_L001_R2_001.fastq.gz	26094
2023-3-VBS-PR-LE-3-16S_S323_L001_R1_001.fastq.gz	24305
2023-3-VBS-PR-LE-3-16S_S323_L001_R2_001.fastq.gz	24305
2023-3-VBS-SP-LE-1-16S_S327_L001_R1_001.fastq.gz	20410
2023-3-VBS-SP-LE-1-16S_S327_L001_R2_001.fastq.gz	20410
2023-3-VBS-SP-LE-2-16S_S328_L001_R1_001.fastq.gz	21276
2023-3-VBS-SP-LE-2-16S_S328_L001_R2_001.fastq.gz	21276
2023-3-VBS-SP-LE-3-16S_S329_L001_R1_001.fastq.gz	28149
2023-3-VBS-SP-LE-3-16S_S329_L001_R2_001.fastq.gz	28149
2023-ctrl-PCR-neg-LaforestP7-16S_S96_L001_R1_001.fastq.gz	478
2023-ctrl-PCR-neg-LaforestP7-16S_S96_L001_R2_001.fastq.gz	478
2023-ctrl-PCR-pos-LaforestP7-16S_S95_L001_R1_001.fastq.gz	13984
2023-ctrl-PCR-pos-LaforestP7-16S_S95_L001_R2_001.fastq.gz	13984
